model_file	model_id	species	strain	sha256	source	redistributed	model_name	compartments	metadata_status
Clostridium_bolteae_90A5.xml	M_Clostridium_bolteae_90A5	Enterocloster bolteae	90A5	32883456f4b19344789bd4fbad387fcabbf6695028bfefdffba32ccf7bfffc57	AGORA2-compatible SBML inferred from model annotation; annotation source: https://vmh.life/; verify database version and URL	not assessed; user must verify	Clostridium bolteae 90A5	c; e	automatic draft; verify species, strain, source, and redistribution before publication
Clostridium_bolteae_90A9.xml	M_Clostridium_bolteae_90A9	Enterocloster bolteae	90A9	21bb7b1ff9ef7d9a79f42c08574ee6b2af1fe42984cfe722866cbdaad201036c	AGORA2-compatible SBML inferred from model annotation; annotation source: https://vmh.life/; verify database version and URL	not assessed; user must verify	Clostridium bolteae 90A9	c; e	automatic draft; verify species, strain, source, and redistribution before publication
Clostridium_bolteae_90B3.xml	M_Clostridium_bolteae_90B3	Enterocloster bolteae	90B3	cc039865efa06a325b31ad3b5a729da9c65e384f70145cdec5919eef6cff5f62	AGORA2-compatible SBML inferred from model annotation; annotation source: https://vmh.life/; verify database version and URL	not assessed; user must verify	Clostridium bolteae 90B3	c; e	automatic draft; verify species, strain, source, and redistribution before publication
Clostridium_bolteae_90B7.xml	M_Clostridium_bolteae_90B7	Enterocloster bolteae	90B7	9d09a10d03581c16c20e3f854b3025b91485d5e42ffa82822910521f6e989c93	AGORA2-compatible SBML inferred from model annotation; annotation source: https://vmh.life/; verify database version and URL	not assessed; user must verify	Clostridium bolteae 90B7	c; e	automatic draft; verify species, strain, source, and redistribution before publication
Clostridium_bolteae_90B8.xml	M_Clostridium_bolteae_90B8	Enterocloster bolteae	90B8	a4fe266e29514dea57bf12c38b59470889109f042f03806d5509d2014321e868	AGORA2-compatible SBML inferred from model annotation; annotation source: https://vmh.life/; verify database version and URL	not assessed; user must verify	Clostridium bolteae 90B8	c; e	automatic draft; verify species, strain, source, and redistribution before publication
Clostridium_bolteae_ATCC_BAA_613.xml	M_Clostridium_bolteae_ATCC_BAA_613	Enterocloster bolteae	ATCC BAA 613	8f34404621f64c766137036f601229067dd9000e55639c2a4507ff685a8c136d	AGORA2-compatible SBML inferred from model annotation; annotation source: https://vmh.life/; verify database version and URL	not assessed; user must verify	Clostridium bolteae ATCC BAA 613	c; e	automatic draft; verify species, strain, source, and redistribution before publication
Clostridium_bolteae_WAL_14578.xml	M_Clostridium_bolteae_WAL_14578	Enterocloster bolteae	WAL 14578	7caa5460276fa1ad06fa4e4c41f67d4a089e4f8dabebf2d0335facca76e4e71d	AGORA2-compatible SBML inferred from model annotation; annotation source: https://vmh.life/; verify database version and URL	not assessed; user must verify	Clostridium bolteae WAL 14578	c; e	automatic draft; verify species, strain, source, and redistribution before publication
Clostridium_clostridioforme_90A7.xml	M_Clostridium_clostridioforme_90A7	Enterocloster clostridioformis	90A7	1a5afbc06d9244b841bf2574b50bff374108dcff49a545a485c411b4a7f9ad08	AGORA2-compatible SBML inferred from model annotation; annotation source: https://vmh.life/; verify database version and URL	not assessed; user must verify	Clostridium clostridioforme 90A7	c; e	automatic draft; verify species, strain, source, and redistribution before publication
Clostridium_clostridioforme_YL32.xml	M_Clostridium_clostridioforme_YL32	Enterocloster clostridioformis	YL32	5c24dcb68e4ad51882e0e57ded7137656e991abd36f69f6b655dd0c2eb525471	AGORA2-compatible SBML inferred from model annotation; annotation source: https://vmh.life/; verify database version and URL	not assessed; user must verify	Clostridium clostridioforme YL32	c; e	automatic draft; verify species, strain, source, and redistribution before publication
Eubacterium_rectale_ATCC_33656.xml	M_Eubacterium_rectale_ATCC_33656	Agathobacter rectalis	ATCC 33656	7672d76c7e9cbd052045375836301470ea15c0a27196a39087604dc8567c2d73	AGORA2-compatible SBML inferred from model annotation; annotation source: https://vmh.life/; verify database version and URL	not assessed; user must verify	Eubacterium rectale ATCC 33656	c; e	automatic draft; verify species, strain, source, and redistribution before publication
Eubacterium_rectale_DSM_17629.xml	M_Eubacterium_rectale_DSM_17629	Agathobacter rectalis	DSM 17629	8f447836bfbae3a1add34756c9663e78802f5694a11e7e5ed70bd7d43a9d20e7	AGORA2-compatible SBML inferred from model annotation; annotation source: https://vmh.life/; verify database version and URL	not assessed; user must verify	Eubacterium rectale DSM 17629	c; e	automatic draft; verify species, strain, source, and redistribution before publication
Eubacterium_rectale_ERR1022318.xml	M_Eubacterium_rectale_ERR1022318	Agathobacter rectalis	ERR1022318	e2f981e8d720e903e054c50422b72a62a958cf79b5d793ea3f11e4df8d9f43ed	AGORA2-compatible SBML inferred from model annotation; annotation source: https://vmh.life/; verify database version and URL	not assessed; user must verify	Eubacterium rectale ERR1022318	c; e	automatic draft; verify species, strain, source, and redistribution before publication
Eubacterium_rectale_ERR1022399.xml	M_Eubacterium_rectale_ERR1022399	Agathobacter rectalis	ERR1022399	b2821c13a06eb0125c39f845d110dda2340d383f3c05f883d462c7e12aab0fd7	AGORA2-compatible SBML inferred from model annotation; annotation source: https://vmh.life/; verify database version and URL	not assessed; user must verify	Eubacterium rectale ERR1022399	c; e	automatic draft; verify species, strain, source, and redistribution before publication
Eubacterium_rectale_ERR1022482.xml	M_Eubacterium_rectale_ERR1022482	Agathobacter rectalis	ERR1022482	055b6715e7747e165d364e2dec17d9b39c9d6e9ff150e8f440aebbba3f83bba3	AGORA2-compatible SBML inferred from model annotation; annotation source: https://vmh.life/; verify database version and URL	not assessed; user must verify	Eubacterium rectale ERR1022482	c; e	automatic draft; verify species, strain, source, and redistribution before publication
Eubacterium_rectale_ERR1203958.xml	M_Eubacterium_rectale_ERR1203958	Agathobacter rectalis	ERR1203958	276dbe75c69920dca5509f11abda9c3962ec4dbd0da6a3444727613e94ad7ced	AGORA2-compatible SBML inferred from model annotation; annotation source: https://vmh.life/; verify database version and URL	not assessed; user must verify	Eubacterium rectale ERR1203958	c; e	automatic draft; verify species, strain, source, and redistribution before publication
Eubacterium_rectale_ERR1204052.xml	M_Eubacterium_rectale_ERR1204052	Agathobacter rectalis	ERR1204052	53281928e32353f724120b1330599cf6dacca1e74b52cf3d958af1c40e1e231e	AGORA2-compatible SBML inferred from model annotation; annotation source: https://vmh.life/; verify database version and URL	not assessed; user must verify	Eubacterium rectale ERR1204052	c; e	automatic draft; verify species, strain, source, and redistribution before publication
Eubacterium_rectale_ERR2221160.xml	M_Eubacterium_rectale_ERR2221160	Agathobacter rectalis	ERR2221160	dd852efdf9a16afa1166f992ae8a87cc1f72ffbf9db7ccb03a8c96d2f961cccb	AGORA2-compatible SBML inferred from model annotation; annotation source: https://vmh.life/; verify database version and URL	not assessed; user must verify	Eubacterium rectale ERR2221160	c; e	automatic draft; verify species, strain, source, and redistribution before publication
Eubacterium_rectale_ERR2230060.xml	M_Eubacterium_rectale_ERR2230060	Agathobacter rectalis	ERR2230060	941349db47f0d43b007eab4356267a394a4544362d187e150cc92d444b005e09	AGORA2-compatible SBML inferred from model annotation; annotation source: https://vmh.life/; verify database version and URL	not assessed; user must verify	Eubacterium rectale ERR2230060	c; e	automatic draft; verify species, strain, source, and redistribution before publication
Eubacterium_rectale_M104_1.xml	M_Eubacterium_rectale_M104_1	Agathobacter rectalis	M104 1	040ab3bd4902f59066ec022e26c7b36aff951540928a3c588b49d9c5e1f177b2	AGORA2-compatible SBML inferred from model annotation; annotation source: https://vmh.life/; verify database version and URL	not assessed; user must verify	Eubacterium rectale M104 1	c; e	automatic draft; verify species, strain, source, and redistribution before publication
Ruminococcus_bicirculans_80_3.xml	M_Ruminococcus_bicirculans_80_3	Ruminococcus bicirculans	80 3	23ea1c7d605311640a61aefce3d8f16ecf3570470af391dfcc43a0f0702c0f27	AGORA2-compatible SBML inferred from model annotation; annotation source: https://vmh.life/; verify database version and URL	not assessed; user must verify	Ruminococcus bicirculans 80 3	c; e	automatic draft; verify species, strain, source, and redistribution before publication
Ruminococcus_bicirculans_ERR1022350.xml	M_Ruminococcus_bicirculans_ERR1022350	Ruminococcus bicirculans	ERR1022350	27e1b05b5d34deb5758dab23e2b4b26fd7636fa8cc6513c933ce9e77c6b3751a	AGORA2-compatible SBML inferred from model annotation; annotation source: https://vmh.life/; verify database version and URL	not assessed; user must verify	Ruminococcus bicirculans ERR1022350	c; e	automatic draft; verify species, strain, source, and redistribution before publication
Ruminococcus_bicirculans_ERR1022408.xml	M_Ruminococcus_bicirculans_ERR1022408	Ruminococcus bicirculans	ERR1022408	5f9ec80c8795d0843c2be9309cb45e62315b7f2de0805af712ee6e8fac0ad298	AGORA2-compatible SBML inferred from model annotation; annotation source: https://vmh.life/; verify database version and URL	not assessed; user must verify	Ruminococcus bicirculans ERR1022408	c; e	automatic draft; verify species, strain, source, and redistribution before publication
Ruminococcus_bicirculans_ERR1022485.xml	M_Ruminococcus_bicirculans_ERR1022485	Ruminococcus bicirculans	ERR1022485	ec24918caf346b5a36fa955fe7d7caf61f17b1b1843634dfc6b5ade48497aad4	AGORA2-compatible SBML inferred from model annotation; annotation source: https://vmh.life/; verify database version and URL	not assessed; user must verify	Ruminococcus bicirculans ERR1022485	c; e	automatic draft; verify species, strain, source, and redistribution before publication
Ruminococcus_bicirculans_ERR2221172.xml	M_Ruminococcus_bicirculans_ERR2221172	Ruminococcus bicirculans	ERR2221172	37f45928a1d80ab4e4a1644a577cf111942e72bf448c1fe1f210627244d75de1	AGORA2-compatible SBML inferred from model annotation; annotation source: https://vmh.life/; verify database version and URL	not assessed; user must verify	Ruminococcus bicirculans ERR2221172	c; e	automatic draft; verify species, strain, source, and redistribution before publication
Ruminococcus_bicirculans_ERR2230101.xml	M_Ruminococcus_bicirculans_ERR2230101	Ruminococcus bicirculans	ERR2230101	38f28ecf9e3e64f843c8f39c27100484b238b5e78595439ca24726ac5523ea99	AGORA2-compatible SBML inferred from model annotation; annotation source: https://vmh.life/; verify database version and URL	not assessed; user must verify	Ruminococcus bicirculans ERR2230101	c; e	automatic draft; verify species, strain, source, and redistribution before publication
Ruminococcus_bromii_ATCC_27255.xml	M_Ruminococcus_bromii_ATCC_27255	Ruminococcus bromii	ATCC 27255	338a28e9613124af2d8cd577c4c4aaa80e6b0dc2370966bf00c670487c374e86	AGORA2-compatible SBML inferred from model annotation; annotation source: https://vmh.life/; verify database version and URL	not assessed; user must verify	Ruminococcus bromii ATCC 27255	c; e	automatic draft; verify species, strain, source, and redistribution before publication
Ruminococcus_bromii_ERR1022486.xml	M_Ruminococcus_bromii_ERR1022486	Ruminococcus bromii	ERR1022486	cc5bca260e58246477e7a13c16da71df27c965a0194d7778d3fc8accf89e94c6	AGORA2-compatible SBML inferred from model annotation; annotation source: https://vmh.life/; verify database version and URL	not assessed; user must verify	Ruminococcus bromii ERR1022486	c; e	automatic draft; verify species, strain, source, and redistribution before publication
Ruminococcus_bromii_ERR2221220.xml	M_Ruminococcus_bromii_ERR2221220	Ruminococcus bromii	ERR2221220	7cc86e2aa89b2efd6c4c6569d5c5f29d7f4eccdbade611057b027aa4c063400c	AGORA2-compatible SBML inferred from model annotation; annotation source: https://vmh.life/; verify database version and URL	not assessed; user must verify	Ruminococcus bromii ERR2221220	c; e	automatic draft; verify species, strain, source, and redistribution before publication
Ruminococcus_bromii_L2_63.xml	M_Ruminococcus_bromii_L2_63	Ruminococcus bromii	L2 63	7fd26f8efcf0978a446e473b4980d107bf59f96adf388f09bf22e4779863c6fe	AGORA2-compatible SBML inferred from model annotation; annotation source: https://vmh.life/; verify database version and URL	not assessed; user must verify	Ruminococcus bromii L2 63	c; e	automatic draft; verify species, strain, source, and redistribution before publication
